index,disease_name,supplement name,supplement image,buy link
0,Apple___Apple_scab,Katyayani Prozol Propiconazole 25% EC Systematic Fungicide,https://agrosiaa.com/uploads/userdata/seller/eb7c7ee9f5e7652f0f11a72dc20cf75469b9591c/product_images/857059326594b8c13b53e78162f706c4b0aee7e1b877594746.png,https://agrosiaa.com/products/detail/katyayani-prozol-boost-fungicide-250-ml-propiconazole-25-ec-1671553775?srsltid=AfmBOopVZUq2GLxTUZ21xlYoc41eiGFn_vFJ8BI0fC7KDVx7cP_XW8R-
1,Apple___Black_rot,Magic FungiX For Fungal disease,https://encrypted-tbn3.gstatic.com/shopping?q=tbn:ANd9GcTZZH2SUe7Hufpd49iFoF_04c96J-fZeywsYQXDb0gFerGOYyL7xPBxLN05LIx6s36u6C_qMvtescsDbrTEzniJp0yhfEsvJoTCMD7FDnI&usqp=CAE,https://agribegri.com/products/buy-fungicide-online-india--organic-fungicide--yield-enhancer.php
2,Apple___Cedar_apple_rust,Katyayani All in 1 Organic Fungicide,https://agriplexindia.com/cdn/shop/files/ALL_IN_ONE_FUNGICIDE.jpg?v=1746787327,https://agriplexindia.com/products/katyayani_all_in_one_organic_fungicide?variant=50383026848038&country=IN&currency=INR&utm_medium=product_sync&utm_source=google&utm_content=sag_organic&utm_campaign=sag_organic&srsltid=AfmBOorlyc2tD1qEZjhoFAu0kgBuRopeFIHl_cD12fvK-gR1QQQhuaJXiFQ
3,Apple___healthy,Organic plant booster liquid fertilizer,https://m.media-amazon.com/images/I/61rSFtfiYEL._SY500_.jpg,https://www.amazon.in/Organic-booster-fertilizer-flowering-vegetables/dp/B0DJH1SBRK?source=ps-sl-shoppingads-lpcontext&ref_=fplfs&psc=1&smid=A1Y5YS76MCZ5T6
4,Background_without_leaves,,,
5,Blueberry___healthy,GreenStix Fertilizer,https://lazygardener.in/cdn/shop/products/greenstix-all-purpose-plant-food-sticks-fertilizer-sticks-plant-food-sticks-lazygardener-821257.jpg?v=1695147465&width=1800,https://lazygardener.in/products/greenstix?variant=30920527020087&currency=INR&utm_medium=product_sync&utm_source=google&utm_content=sag_organic&utm_campaign=sag_organic&utm_campaign=gs-2019-10-29&utm_source=google&utm_medium=smart_campaign
6,Cherry___Powdery_mildew,ROM Mildew Clean,https://encrypted-tbn0.gstatic.com/shopping?q=tbn:ANd9GcSeHlqcksdF25o8mv-fYxNOrfJkp4Ov2hgVf01w2aCed1WbyL604ubLtPAlB7rfNoHRtxbTljQvA7P3VRh8LM0XndFHWDqvC4kC4w-DLQiknnS3vRzAxTpP&usqp=CAE,https://agribegri.com/products/rom-mildew-clean-1-kg--price-of-organic-fungicide-online-.php
7,Cherry___healthy,Plantic Organic BloomDrop Liquid Plant Food ,https://encrypted-tbn3.gstatic.com/shopping?q=tbn:ANd9GcSpHb-xEa2rTSIEf5QtLMbax4zvRsTzD4kAwQ9Rcwr3AbDDQxUhmMmPJBVGLCAvczXrXAqwWKN-rReHwSR-XSGlsJRLvZOKRXHV-54uLhU_6EIuBq5BHXaAwg&usqp=CAE,https://www.desertcart.in/products/356494410-plantic-organic-liquid-fertilizer-for-flowering-plants-blooming-flower-for-all-types-of-flowers-fruits-plants-bloom-drop-250-ml
8,Corn___Cercospora_leaf_spot Gray_leaf_spot,ANTRACOL FUNGICIDE,https://encrypted-tbn2.gstatic.com/shopping?q=tbn:ANd9GcTm0wIanaB9OdUkuH9IJ-bHG_qyungwi2lWnmkFmze9VFU1yeSuRO3wImAhPfEJwuBZXPSEf5QwZhieERwrlE5H7lg_8bvf&usqp=CAE,https://www.bighaat.com/products/antracol?variant=14521365063&currency=INR&utm_medium=product_sync&utm_source=google&utm_content=sag_organic&utm_campaign=sag_organic
9,Corn___Common_rust,3 STAR M45 Mancozeb 75% WP Contact Fungicide,https://encrypted-tbn2.gstatic.com/shopping?q=tbn:ANd9GcT86avIdiTsKNdgo0Uss9r2tkn9pcx6VCGHeaubXDiR0u_fqqyXomgc1BBviREao7BM_eQiR6tbLCzUxG5VzS4du5DgwBVbtwSLuTEexpI&usqp=CAE,https://www.bighaat.com/products/indofil-m-45-fungicide?variant=39379808321559&srsltid=AfmBOoqQuB8q9UufwJIQ_xhEgeew5B4H5WH3rqEsSYLDIgkhxR1dRd04J64
10,Corn___Northern_Leaf_Blight,QUIT (Carbendazim 12% + Mancozeb 63% WP) Protective And Curative Fungicide,https://www.kisanshop.in/s/65f83b39d13b931b1c1f1a9b/66adfb7310656c00610cd36c/amistar-fungicide-syngenta-_-buy-online-rs-130-_-bighaat-2--640x640.jpg,https://www.kisanshop.in/en/product/nacl-combi-plus-fungicide?srsltid=AfmBOoqsJtUCNoEVi7kDX5gFpZ0y9o1lrGnpZsxiSjVWMEhr4mIhdxiT
11,Corn___healthy,Biomass Lab Sampoorn Fasal Ahaar (Multipurpose Organic Fertilizer & Plant Food),https://m.media-amazon.com/images/I/51VzsRSU+wL._SY300_SX300_.jpg,https://www.amazon.in/Biomass-Lab-Sampoorn-Multipurpose-Fertilizer/dp/B07W8N4BVH
12,Grape___Black_rot,Southern Ag Captan 50% WP Fungicide,https://m.media-amazon.com/images/I/71S1sdZMOdL._SL1500_.jpg,https://www.amazon.in/Southern-Ag-Captan-50-Fungicide/dp/B000YHB4HW
13,Grape___Esca_(Black_Measles),ALIETTE FUNGICIDE,https://cdn.dotpe.in/longtail/store-items/6792607/GwBb8mEM.png,https://www.kisancenter.in/product/26133751/Bayer-Aliette--Fosetyl-Al-80--WP-?srsltid=AfmBOopVPNCDI26yc88OUE531qb-iYxqgBg4Rp2dFz-UOD1RZVVgF_6kF5Y
14,Grape___Leaf_blight_(Isariopsis_Leaf_Spot),"Tebulur Tebuconazole 10% + Sulphur 65% WG , Advance Broad Spectrum Premix Fungicides",https://encrypted-tbn1.gstatic.com/shopping?q=tbn:ANd9GcQPzI0SnMtb60x2D1gGkRHsvD1j7NRl8Y7pjuIyuyrTxdpvUOpci7NxHWxt4Gfn3ETrCrgWKvGPH-jmbboE2vi4b4MiTq3kZKMdHFUSctUmXcH9ZRed0j4-&usqp=CAE,https://agribegri.com/products/buy-tebuconazole-10--sulphur-65-wg-online--online-agro-store.php
15,Grape___healthy,Sansar Green Grapes Fertilizer Fertilizer,https://rukminim1.flixcart.com/image/416/416/k51cpe80/soil-manure/4/m/h/400-grapes-fertilizer-sansar-green-original-imafntdujntbdner.jpeg?q=70,https://www.amazon.in/Sansar-Essential-Powerful-Fertilizer-Organism/dp/B09B3TJ6SF?th=1
16,Orange___Haunglongbing_(Citrus_greening),Green Dews CITRUS PLANT FOOD Fertilizer ,https://rukminim1.flixcart.com/image/416/416/ju79hu80/soil-manure/x/m/b/400-citrus-plant-food-green-dews-original-imaffbxhn3rz8k5p.jpeg?q=70,https://www.flipkart.com/green-dews-citrus-plant-food-fertilizer/p/itmffde2heg7hkq2?pid=SMNFFBY9Z8DVTXMB&lid=LSTSMNFFBY9Z8DVTXMBEL4PDT&marketplace=FLIPKART&cmpid=content_soil-manure_8965229628_gmc
17,Peach___Bacterial_spot,SCORE FUNGICIDE,https://agrosiaa.com/uploads/userdata/seller/752ae7bdbb96bf25280b55990570beabf2048ce0/product_images/214679230108fcbff742e90d2409d293a25483feb979286644.png,https://agrosiaa.com/products/detail/syngenta-score-fungicide-50-ml?srsltid=AfmBOoqW7RPlCIg1uLU2SKtmEzXuR4MJN48D4cB2NHDSs8VGvx2MUPCo
18,Peach___healthy,Jeevamrut (Plant Growth Tonic),https://nurserylive.com/cdn/shop/products/nurserylive-g-fertilizer-jeevamrut-plant-growth-tonic-500-ml-for-garden_jpg-660593_600x600.jpg?v=1680591234,https://nurserylive.com/products/jeevamrut-plant-growth-tonic-250-ml-for-garden?variant=34163328811148
19,"Pepper,_bell___Bacterial_spot",Systemic Fungicide (Domark) Tetraconazole 3.8% w/w (4% w/v) EW,https://5.imimg.com/data5/SELLER/Default/2025/2/491757319/RU/LU/GE/14224544/domark-jfo1-systemic-fungicide-1000x1000.jpeg,https://agribegri.com/products/buy-systemic-fungicide-online--tetraconazole-38--domark-.php
20,"Pepper,_bell___healthy",Casa De Amor Organic Potash Fertilizer,https://casadeamor.in/cdn/shop/files/potash900gm.jpg?v=1697443380&width=600,https://www.casagardenshop.com/products/organic-potash-fertilizer-for-gardening-improves-size-of-flowers-fruits-and-vegetables-by-casa-de-amor-1-kg-1?variant=40073291088&currency=INR&utm_medium=product_sync&utm_source=google&utm_content=sag_organic&utm_campaign=sag_organic&utm_campaign=gs-2020-02-08&utm_source=google&utm_medium=smart_campaign
21,Potato___Early_blight,Parin Herbal Fungicides (With Turmeric Extract),https://m.media-amazon.com/images/I/817cvx-Yy9L._SX522_.jpg,https://www.amazon.in/Fungicide-Remover-Premium-Essential-Powerful/dp/B09GVFTR5B?source=ps-sl-shoppingads-lpcontext&ref_=fplfs&psc=1&smid=A1MNN90YSFIH8Q
22,Potato___Late_blight,Syngenta Ridomil gold Fungicide ,https://krushikendra.com/image/cache/catalog/syngenta/RIDOMIL-GOLD-800x800.jpg,https://krushikendra.com/Buy-Syngenta-Ridomil-gold-Fungicide-250%20gram
23,Potato___healthy,Saosis Fertilizer for potato Fertilizer,https://rukminim1.flixcart.com/image/416/416/kfvfwy80/soil-manure/6/p/g/30-fertilizer-for-potato-saosis-original-imafw8b3sgcyrhh4.jpeg?q=70,"https://www.flipkart.com/saosis-fertilizer-potato/p/itmc40dfbfcd49f7?pid=SMNFW8B3DTY2V6PG&lid=LSTSMNFW8B3DTY2V6PGHC2BXS&marketplace=FLIPKART&cmpid=content_soil-manure_730597647_g_8965229628_gmc_pla&tgi=sem,1,G,11214002,g,search,,476044024748,,,,c,,,,,,,&ef_id=Cj0KCQjwsLWDBhCmARIsAPSL3_3TcmjyWFqJEZtCD0SQiDb9UFyESkiYtgU35W5Qs_KnTCkDS_Px2Y4aArmBEALw_wcB:G:s&s_kwcid=AL!739!3!476044024748!!!g!293946777986!&gclsrc=aw.ds"
24,Raspberry___healthy,"Karen's Naturals, Organic Just Raspberries",https://s3.images-iherb.com/jte/jte29001/v/6.jpg,https://in.iherb.com/pr/Karen-s-Naturals-Organic-Just-Raspberries-1-5-oz-42-g/37730?gclsrc=ds
25,Soybean___healthy,Max Crop Liquid Fertilizer,https://m.media-amazon.com/images/I/21hTk7D+VFL.jpg,https://www.amazon.in/Agrosciences-Dupont-Growth-Simulator-Vegetables/dp/B0CGX4S1KM
26,Squash___Powdery_mildew,No powdery mildew 1 quart,https://m.media-amazon.com/images/I/31cykSVVtnL.jpg,https://www.amazon.com/Growers-Trust-Powdery-Non-Toxic-Biodegradable/dp/B01E9RQ28I
27,Strawberry___Leaf_scorch,Trichoderma Viride 1.5%,https://utkarshagro.com/cdn/shop/files/Trichoz-p-01.jpg?v=1736084111&width=713,https://utkarshagro.com/products/utkarsh-trichoz-p-trichoderma-viride-1-5-w-p-2-x-10-6-10-8-cfu-gm-bio-pesticides?variant=45101556662585&country=IN&currency=INR&utm_medium=product_sync&utm_source=google&utm_content=sag_organic&utm_campaign=sag_organic&srsltid=AfmBOoqjbQmoE8DGXsIvdipOAQHUsDT3SfTClB90GghtEs5obYdwqe8FfqU
28,Strawberry___healthy,SWISS GREEN ORGANIC PLANT GROWTH PROMOTER STRAWBERRY Fertilizer,https://rukminim1.flixcart.com/image/416/416/k2urhjk0/soil-manure/q/y/d/500-organic-plant-growth-promoter-strawberry-swiss-green-original-imafm3vx8mzyhxzg.jpeg?q=70,https://www.flipkart.com/swiss-green-organic-plant-growth-promoter-strawberry-fertilizer-manure/p/itmcaf7955b802fa?pid=SMNFM3TT2RNZEQYD&lid=LSTSMNFM3TT2RNZEQYDIGMSRD&marketplace=FLIPKART&cmpid=content_soil-manure_8965229628_gmc
29,Tomato___Bacterial_spot,CUREAL Best Fungicide & Bactericide,https://encrypted-tbn1.gstatic.com/shopping?q=tbn:ANd9GcRKHQh4EwbE0ksZ_RTOhsGtvTO68zllR9djrYvUrZ-DO6FYo2kYpmyFL8UgaK6aiHJuUWbkax_uhcxMpGfwSHa2CKWqaIZnFp1vIRbGkrZhtGv-Zq-72y61&usqp=CAE,https://agribegri.com/products/cureal---best-fungicide--bactericide-zinc-based-250-ml.php
30,Tomato___Early_blight,NATIVO FUNGICIDE,https://m.media-amazon.com/images/I/61iM8kyAJML._SL1500_.jpg,https://www.amazon.in/Bayer-Nativo-Systemic-Fungicide-Granules/dp/B0CD7DNDDF?source=ps-sl-shoppingads-lpcontext&ref_=fplfs&smid=A1ZSKCLHK592D5&th=1
31,Tomato___Late_blight,ACROBAT FUNGICIDE,https://encrypted-tbn3.gstatic.com/shopping?q=tbn:ANd9GcRpQmIM9QZkFI43PPlHVFaSlGdrdMP8LFHXAo9b_OGOQCi3R6G-SsqnCXFR4CU9bVAcyuBGTrQRAkRrU9fm-1TGeXg9PrsB&usqp=CAE,https://www.bighaat.com/products/acrobat-fungicide?variant=31177935519767&currency=INR&utm_medium=product_sync&utm_source=google&utm_content=sag_organic&utm_campaign=sag_organic
32,Tomato___Leaf_Mold,Virus Special (Set of Immuno 1 ltr + Enviro 1 ltr),https://encrypted-tbn1.gstatic.com/shopping?q=tbn:ANd9GcQfgH6lswqhV2hUhqZwEfgQBU1eUP1GCvETxg_a3JFOERS2tc80k8gNMbHM_XxReblck1T7tR95X8Qojdj1k0yAyvhmCZHvkFWaT_L-a8ofElEXerVJqvsF&usqp=CAE,https://agribegri.com/products/virus-special-enviroimmuno-1-litre.php
33,Tomato___Septoria_leaf_spot,Roko Fungicide,https://agriplexindia.com/cdn/shop/files/Roko.jpg?v=1743241417,https://agriplexindia.com/products/biostadt-roko-fungicide?variant=45377500119334&country=IN&currency=INR&utm_medium=product_sync&utm_source=google&utm_content=sag_organic&utm_campaign=sag_organic&srsltid=AfmBOooM24w3nH6Agb8y-y4S4qNoKkTv0CjQOHScV1di9I6xeXEA16BTfzM
34,Tomato___Spider_mites Two-spotted_spider_mite,OMITE INSECTICIDE,https://cdn.dotpe.in/longtail/store-items/6792607/cHTWKctm.png,https://www.kisancenter.in/product/26318072/Dhanuka-Omite-Insecticide--Propargite-57--EC-?srsltid=AfmBOoodv0qqlB8dmEPSwzrWQujvYe2EJfUxmoTAw1jM_y2zCDBvAdfCNCw
35,Tomato___Target_Spot,Propi Propineb 70% WP Fungicide for Plants Diesese Control Pesticide,https://cdn.shopify.com/s/files/1/0722/2059/files/antracol-file-659.jpg?v=1737430916,https://www.bighaat.com/products/antracol?variant=14521365063&srsltid=AfmBOoo8s9QR0y_Wsmyix6pgUOhSq02HbQQUbLSWDHyRt9vFhjorH5rJAiE
36,Tomato___Tomato_Yellow_Leaf_Curl_Virus,Syngenta Amistor Top Fungicide,https://cdn.shopify.com/s/files/1/0722/2059/files/amistar-top-fungicide-file-3948.webp?v=1737470611,https://www.bighaat.com/products/amistar-top-fungicide?variant=27947535925271&utm_source=Google&utm_medium=CPC&utm_campaign=18815455412&utm_adgroup=&utm_term=&creative=&device=c&devicemodel=&matchtype=&feeditemid=&targetid=&network=x&placement=&adposition=&GA_loc_interest_ms=&GA_loc_physical_ms=9062010&gad_source=1&gad_campaignid=18815493839&gbraid=0AAAAADhCwQKnrh5yYeubvaN0JPYhSkq0N&gclid=CjwKCAjw7fzDBhA7EiwAOqJkh6BKWW6njR6wA-hoadlqRMUfFumjoYlD2AgkmZOkP8j-loozHa0JvRoCD6UQAvD_BwE
37,Tomato___Tomato_mosaic_virus,V Bind Viral Disease Special,https://encrypted-tbn1.gstatic.com/shopping?q=tbn:ANd9GcRmHRAqOUGXt76NPfOMXrUVRvDt8gRYd3-HTexGYI0d4PNmDuLXbfTchIRipVD-hx1wob7hHyVTbmyS85fTcADpBUMezetO&usqp=CAE,https://agribegri.com/products/viricide-online-.php
38,Tomato___healthy,"Tomato Fertilizer Organic, for Home, Balcony, Terrace & Outdoor Gardening",https://casadeamor.in/cdn/shop/files/tomatofertilizer-900gm.jpg?v=1707295552&width=600,https://www.casagardenshop.com/products/tomato-fertilizer-for-home-terrace-outdoor-gardening?variant=32106353131619&currency=INR&utm_medium=product_sync&utm_source=google&utm_content=sag_organic&utm_campaign=sag_organic&utm_campaign=gs-2020-02-08&utm_source=google&utm_medium=smart_campaign

